{
  "plateParameters": {
    "numeralParameters": {
      "width": 1.0,
      "height": 1.0,
      "density": 7600.0,
      "heatCapacity": 600.0,
      "heatConductivity": 200.0,
      "plateTemperature": 55.0
    },
    "boundaryTemperatureEquationTop": "54880.89220355585*x - 378050.33345254266*x^2 + 893437.4794097745*x^3 - 879074.199334155*x^4 + 308533.16117336723*x^5",
    "boundaryTemperatureEquationBottom": "(23*x)^2"
  },
  "simulationParameters": {
    "dt": 0.1,
    "dx": 0.1,
    "dy": 0.1,
    "time": 10000
  }
}